State,Year,Month,Target
District of Columbia,2019,1,8
District of Columbia,2019,2,8
District of Columbia,2019,3,8
District of Columbia,2019,4,8
District of Columbia,2019,5,8
District of Columbia,2019,6,8
District of Columbia,2019,7,8
District of Columbia,2019,8,8
District of Columbia,2019,9,8
District of Columbia,2019,10,8
District of Columbia,2019,11,8
District of Columbia,2019,12,8
Iowa,2019,1,8
Iowa,2019,2,8
Iowa,2019,3,8
Iowa,2019,4,8
Iowa,2019,5,8
Iowa,2019,6,8
Iowa,2019,7,8
Iowa,2019,8,8
Iowa,2019,9,8
Iowa,2019,10,8
Iowa,2019,11,8
Iowa,2019,12,8
Kansas,2019,1,8
Kansas,2019,2,8
Kansas,2019,3,8
Kansas,2019,4,8
Kansas,2019,5,8
Kansas,2019,6,8
Kansas,2019,7,8
Kansas,2019,8,8
Kansas,2019,9,8
Kansas,2019,10,8
Kansas,2019,11,8
Kansas,2019,12,8
New York,2019,1,8
New York,2019,2,8
New York,2019,3,8
New York,2019,4,8
New York,2019,5,8
New York,2019,6,8
New York,2019,7,8
New York,2019,8,8
New York,2019,9,8
New York,2019,10,8
New York,2019,11,8
New York,2019,12,8
Maine,2019,1,8
Maine,2019,2,8
Maine,2019,3,8
Maine,2019,4,8
Maine,2019,5,8
Maine,2019,6,8
Maine,2019,7,8
Maine,2019,8,8
Maine,2019,9,8
Maine,2019,10,8
Maine,2019,11,8
Maine,2019,12,8
Wyoming,2019,1,8
Wyoming,2019,2,8
Wyoming,2019,3,8
Wyoming,2019,4,8
Wyoming,2019,5,8
Wyoming,2019,6,8
Wyoming,2019,7,8
Wyoming,2019,8,8
Wyoming,2019,9,8
Wyoming,2019,10,8
Wyoming,2019,11,8
Wyoming,2019,12,8
District of Columbia,2020,1,8
District of Columbia,2020,2,8
District of Columbia,2020,3,8
District of Columbia,2020,4,8
District of Columbia,2020,5,8
District of Columbia,2020,6,8
District of Columbia,2020,7,8
District of Columbia,2020,8,8
District of Columbia,2020,9,8
District of Columbia,2020,10,8
District of Columbia,2020,11,8
District of Columbia,2020,12,8
Iowa,2020,1,8
Iowa,2020,2,8
Iowa,2020,3,8
Iowa,2020,4,8
Iowa,2020,5,8
Iowa,2020,6,8
Iowa,2020,7,8
Iowa,2020,8,8
Iowa,2020,9,8
Iowa,2020,10,8
Iowa,2020,11,8
Iowa,2020,12,8
Kansas,2020,1,8
Kansas,2020,2,8
Kansas,2020,3,8
Kansas,2020,4,8
Kansas,2020,5,8
Kansas,2020,6,8
Kansas,2020,7,8
Kansas,2020,8,8
Kansas,2020,9,8
Kansas,2020,10,8
Kansas,2020,11,8
Kansas,2020,12,8
New York,2020,1,8
New York,2020,2,8
New York,2020,3,8
New York,2020,4,8
New York,2020,5,8
New York,2020,6,8
New York,2020,7,8
New York,2020,8,8
New York,2020,9,8
New York,2020,10,8
New York,2020,11,8
New York,2020,12,8
Maine,2020,1,8
Maine,2020,2,8
Maine,2020,3,8
Maine,2020,4,8
Maine,2020,5,8
Maine,2020,6,8
Maine,2020,7,8
Maine,2020,8,8
Maine,2020,9,8
Maine,2020,10,8
Maine,2020,11,8
Maine,2020,12,8
Wyoming,2020,1,8
Wyoming,2020,2,8
Wyoming,2020,3,8
Wyoming,2020,4,8
Wyoming,2020,5,8
Wyoming,2020,6,8
Wyoming,2020,7,8
Wyoming,2020,8,8
Wyoming,2020,9,8
Wyoming,2020,10,8
Wyoming,2020,11,8
Wyoming,2020,12,8
Vermont,2018,1,8
Vermont,2018,2,8
Vermont,2018,3,8
Vermont,2018,4,8
Vermont,2018,5,8
Vermont,2018,6,8
Vermont,2018,7,8
Vermont,2018,8,8
Vermont,2018,9,8
Vermont,2018,10,8
Vermont,2018,11,8
Vermont,2018,12,8
North Dakota,2018,1,8
North Dakota,2018,2,8
North Dakota,2018,3,8
North Dakota,2018,4,8
North Dakota,2018,5,8
North Dakota,2018,6,8
North Dakota,2018,7,8
North Dakota,2018,8,8
North Dakota,2018,9,8
North Dakota,2018,10,8
North Dakota,2018,11,8
North Dakota,2018,12,8
West Virginia,2018,1,8
West Virginia,2018,2,8
West Virginia,2018,3,8
West Virginia,2018,4,8
West Virginia,2018,5,8
West Virginia,2018,6,8
West Virginia,2018,7,8
West Virginia,2018,8,8
West Virginia,2018,9,8
West Virginia,2018,10,8
West Virginia,2018,11,8
West Virginia,2018,12,8
District of Columbia,2021,1,8
District of Columbia,2021,2,8
District of Columbia,2021,3,8
District of Columbia,2021,4,8
District of Columbia,2021,5,8
District of Columbia,2021,6,8
District of Columbia,2021,7,8
District of Columbia,2021,8,8
District of Columbia,2021,9,8
District of Columbia,2021,10,8
District of Columbia,2021,11,8
District of Columbia,2021,12,8
Iowa,2021,1,8
Iowa,2021,2,8
Iowa,2021,3,8
Iowa,2021,4,8
Iowa,2021,5,8
Iowa,2021,6,8
Iowa,2021,7,8
Iowa,2021,8,8
Iowa,2021,9,8
Iowa,2021,10,8
Iowa,2021,11,8
Iowa,2021,12,8
Kansas,2021,1,8
Kansas,2021,2,8
Kansas,2021,3,8
Kansas,2021,4,8
Kansas,2021,5,8
Kansas,2021,6,8
Kansas,2021,7,8
Kansas,2021,8,8
Kansas,2021,9,8
Kansas,2021,10,8
Kansas,2021,11,8
Kansas,2021,12,8
Maine,2021,1,8
Maine,2021,2,8
Maine,2021,3,8
Maine,2021,4,8
Maine,2021,5,8
Maine,2021,6,8
Maine,2021,7,8
Maine,2021,8,8
Maine,2021,9,8
Maine,2021,10,8
Maine,2021,11,8
Maine,2021,12,8
Wyoming,2018,1,8
Wyoming,2018,2,8
Wyoming,2018,3,8
Wyoming,2018,4,8
Wyoming,2018,5,8
Wyoming,2018,6,8
Wyoming,2018,7,8
Wyoming,2018,8,8
Wyoming,2018,9,8
Wyoming,2018,10,8
Wyoming,2018,11,8
Wyoming,2018,12,8
Wyoming,2021,1,8
Wyoming,2021,2,8
Wyoming,2021,3,8
Wyoming,2021,4,8
Wyoming,2021,5,8
Wyoming,2021,6,8
Wyoming,2021,7,8
Wyoming,2021,8,8
Wyoming,2021,9,8
Wyoming,2021,10,8
Wyoming,2021,11,8
Wyoming,2021,12,8
Minnesota,2018,1,833
Minnesota,2018,2,833
Minnesota,2018,3,833
Minnesota,2018,4,833
Minnesota,2018,5,833
Minnesota,2018,6,833
Minnesota,2018,7,833
Minnesota,2018,8,833
Minnesota,2018,9,833
Minnesota,2018,10,833
Minnesota,2018,11,833
Minnesota,2018,12,833
Massachusetts,2018,1,833
Massachusetts,2018,2,833
Massachusetts,2018,3,833
Massachusetts,2018,4,833
Massachusetts,2018,5,833
Massachusetts,2018,6,833
Massachusetts,2018,7,833
Massachusetts,2018,8,833
Massachusetts,2018,9,833
Massachusetts,2018,10,833
Massachusetts,2018,11,833
Massachusetts,2018,12,833
Indiana,2019,1,833
Indiana,2019,2,833
Indiana,2019,3,833
Indiana,2019,4,833
Indiana,2019,5,833
Indiana,2019,6,833
Indiana,2019,7,833
Indiana,2019,8,833
Indiana,2019,9,833
Indiana,2019,10,833
Indiana,2019,11,833
Indiana,2019,12,833
Georgia,2019,1,833
Georgia,2019,2,833
Georgia,2019,3,833
Georgia,2019,4,833
Georgia,2019,5,833
Georgia,2019,6,833
Georgia,2019,7,833
Georgia,2019,8,833
Georgia,2019,9,833
Georgia,2019,10,833
Georgia,2019,11,833
Georgia,2019,12,833
Ohio,2018,1,833
Ohio,2018,2,833
Ohio,2018,3,833
Ohio,2018,4,833
Ohio,2018,5,833
Ohio,2018,6,833
Ohio,2018,7,833
Ohio,2018,8,833
Ohio,2018,9,833
Ohio,2018,10,833
Ohio,2018,11,833
Ohio,2018,12,833
Ohio,2019,1,833
Ohio,2019,2,833
Ohio,2019,3,833
Ohio,2019,4,833
Ohio,2019,5,833
Ohio,2019,6,833
Ohio,2019,7,833
Ohio,2019,8,833
Ohio,2019,9,833
Ohio,2019,10,833
Ohio,2019,11,833
Ohio,2019,12,833
Illinois,2018,1,833
Illinois,2018,2,833
Illinois,2018,3,833
Illinois,2018,4,833
Illinois,2018,5,833
Illinois,2018,6,833
Illinois,2018,7,833
Illinois,2018,8,833
Illinois,2018,9,833
Illinois,2018,10,833
Illinois,2018,11,833
Illinois,2018,12,833
New Jersey,2021,1,833
New Jersey,2021,2,833
New Jersey,2021,3,833
New Jersey,2021,4,833
New Jersey,2021,5,833
New Jersey,2021,6,833
New Jersey,2021,7,833
New Jersey,2021,8,833
New Jersey,2021,9,833
New Jersey,2021,10,833
New Jersey,2021,11,833
New Jersey,2021,12,833
Colorado,2021,1,833
Colorado,2021,2,833
Colorado,2021,3,833
Colorado,2021,4,833
Colorado,2021,5,833
Colorado,2021,6,833
Colorado,2021,7,833
Colorado,2021,8,833
Colorado,2021,9,833
Colorado,2021,10,833
Colorado,2021,11,833
Colorado,2021,12,833
Arizona,2021,1,833
Arizona,2021,2,833
Arizona,2021,3,833
Arizona,2021,4,833
Arizona,2021,5,833
Arizona,2021,6,833
Arizona,2021,7,833
Arizona,2021,8,833
Arizona,2021,9,833
Arizona,2021,10,833
Arizona,2021,11,833
Arizona,2021,12,833
Delaware,2021,1,833
Delaware,2021,2,833
Delaware,2021,3,833
Delaware,2021,4,833
Delaware,2021,5,833
Delaware,2021,6,833
Delaware,2021,7,833
Delaware,2021,8,833
Delaware,2021,9,833
Delaware,2021,10,833
Delaware,2021,11,833
Delaware,2021,12,833
Kentucky,2021,1,833
Kentucky,2021,2,833
Kentucky,2021,3,833
Kentucky,2021,4,833
Kentucky,2021,5,833
Kentucky,2021,6,833
Kentucky,2021,7,833
Kentucky,2021,8,833
Kentucky,2021,9,833
Kentucky,2021,10,833
Kentucky,2021,11,833
Kentucky,2021,12,833
Tennessee,2021,1,833
Tennessee,2021,2,833
Tennessee,2021,3,833
Tennessee,2021,4,833
Tennessee,2021,5,833
Tennessee,2021,6,833
Tennessee,2021,7,833
Tennessee,2021,8,833
Tennessee,2021,9,833
Tennessee,2021,10,833
Tennessee,2021,11,833
Tennessee,2021,12,833
New Jersey,2020,1,833
New Jersey,2020,2,833
New Jersey,2020,3,833
New Jersey,2020,4,833
New Jersey,2020,5,833
New Jersey,2020,6,833
New Jersey,2020,7,833
New Jersey,2020,8,833
New Jersey,2020,9,833
New Jersey,2020,10,833
New Jersey,2020,11,833
New Jersey,2020,12,833
Colorado,2020,1,833
Colorado,2020,2,833
Colorado,2020,3,833
Colorado,2020,4,833
Colorado,2020,5,833
Colorado,2020,6,833
Colorado,2020,7,833
Colorado,2020,8,833
Colorado,2020,9,833
Colorado,2020,10,833
Colorado,2020,11,833
Colorado,2020,12,833
Arizona,2020,1,833
Arizona,2020,2,833
Arizona,2020,3,833
Arizona,2020,4,833
Arizona,2020,5,833
Arizona,2020,6,833
Arizona,2020,7,833
Arizona,2020,8,833
Arizona,2020,9,833
Arizona,2020,10,833
Arizona,2020,11,833
Arizona,2020,12,833
Delaware,2020,1,833
Delaware,2020,2,833
Delaware,2020,3,833
Delaware,2020,4,833
Delaware,2020,5,833
Delaware,2020,6,833
Delaware,2020,7,833
Delaware,2020,8,833
Delaware,2020,9,833
Delaware,2020,10,833
Delaware,2020,11,833
Delaware,2020,12,833
Kentucky,2020,1,833
Kentucky,2020,2,833
Kentucky,2020,3,833
Kentucky,2020,4,833
Kentucky,2020,5,833
Kentucky,2020,6,833
Kentucky,2020,7,833
Kentucky,2020,8,833
Kentucky,2020,9,833
Kentucky,2020,10,833
Kentucky,2020,11,833
Kentucky,2020,12,833
Tennessee,2020,1,833
Tennessee,2020,2,833
Tennessee,2020,3,833
Tennessee,2020,4,833
Tennessee,2020,5,833
Tennessee,2020,6,833
Tennessee,2020,7,833
Tennessee,2020,8,833
Tennessee,2020,9,833
Tennessee,2020,10,833
Tennessee,2020,11,833
Tennessee,2020,12,833
Vermont,2020,1,42
Vermont,2020,2,42
Vermont,2020,3,42
Vermont,2020,4,42
Vermont,2020,5,42
Vermont,2020,6,42
Vermont,2020,7,42
Vermont,2020,8,42
Vermont,2020,9,42
Vermont,2020,10,42
Vermont,2020,11,42
Vermont,2020,12,42
North Dakota,2020,1,42
North Dakota,2020,2,42
North Dakota,2020,3,42
North Dakota,2020,4,42
North Dakota,2020,5,42
North Dakota,2020,6,42
North Dakota,2020,7,42
North Dakota,2020,8,42
North Dakota,2020,9,42
North Dakota,2020,10,42
North Dakota,2020,11,42
North Dakota,2020,12,42
South Dakota,2020,1,42
South Dakota,2020,2,42
South Dakota,2020,3,42
South Dakota,2020,4,42
South Dakota,2020,5,42
South Dakota,2020,6,42
South Dakota,2020,7,42
South Dakota,2020,8,42
South Dakota,2020,9,42
South Dakota,2020,10,42
South Dakota,2020,11,42
South Dakota,2020,12,42
West Virginia,2020,1,42
West Virginia,2020,2,42
West Virginia,2020,3,42
West Virginia,2020,4,42
West Virginia,2020,5,42
West Virginia,2020,6,42
West Virginia,2020,7,42
West Virginia,2020,8,42
West Virginia,2020,9,42
West Virginia,2020,10,42
West Virginia,2020,11,42
West Virginia,2020,12,42
Idaho,2020,1,42
Idaho,2020,2,42
Idaho,2020,3,42
Idaho,2020,4,42
Idaho,2020,5,42
Idaho,2020,6,42
Idaho,2020,7,42
Idaho,2020,8,42
Idaho,2020,9,42
Idaho,2020,10,42
Idaho,2020,11,42
Idaho,2020,12,42
New Hampshire,2020,1,125
New Hampshire,2020,2,125
New Hampshire,2020,3,125
New Hampshire,2020,4,125
New Hampshire,2020,5,125
New Hampshire,2020,6,125
New Hampshire,2020,7,125
New Hampshire,2020,8,125
New Hampshire,2020,9,125
New Hampshire,2020,10,125
New Hampshire,2020,11,125
New Hampshire,2020,12,125
South Carolina,2020,1,125
South Carolina,2020,2,125
South Carolina,2020,3,125
South Carolina,2020,4,125
South Carolina,2020,5,125
South Carolina,2020,6,125
South Carolina,2020,7,125
South Carolina,2020,8,125
South Carolina,2020,9,125
South Carolina,2020,10,125
South Carolina,2020,11,125
South Carolina,2020,12,125
Alabama,2020,1,125
Alabama,2020,2,125
Alabama,2020,3,125
Alabama,2020,4,125
Alabama,2020,5,125
Alabama,2020,6,125
Alabama,2020,7,125
Alabama,2020,8,125
Alabama,2020,9,125
Alabama,2020,10,125
Alabama,2020,11,125
Alabama,2020,12,125
Utah,2020,1,125
Utah,2020,2,125
Utah,2020,3,125
Utah,2020,4,125
Utah,2020,5,125
Utah,2020,6,125
Utah,2020,7,125
Utah,2020,8,125
Utah,2020,9,125
Utah,2020,10,125
Utah,2020,11,125
Utah,2020,12,125
Arkansas,2020,1,125
Arkansas,2020,2,125
Arkansas,2020,3,125
Arkansas,2020,4,125
Arkansas,2020,5,125
Arkansas,2020,6,125
Arkansas,2020,7,125
Arkansas,2020,8,125
Arkansas,2020,9,125
Arkansas,2020,10,125
Arkansas,2020,11,125
Arkansas,2020,12,125
New Mexico,2020,1,208
New Mexico,2020,2,208
New Mexico,2020,3,208
New Mexico,2020,4,208
New Mexico,2020,5,208
New Mexico,2020,6,208
New Mexico,2020,7,208
New Mexico,2020,8,208
New Mexico,2020,9,208
New Mexico,2020,10,208
New Mexico,2020,11,208
New Mexico,2020,12,208
Oregon,2020,1,208
Oregon,2020,2,208
Oregon,2020,3,208
Oregon,2020,4,208
Oregon,2020,5,208
Oregon,2020,6,208
Oregon,2020,7,208
Oregon,2020,8,208
Oregon,2020,9,208
Oregon,2020,10,208
Oregon,2020,11,208
Oregon,2020,12,208
Mississippi,2020,1,250
Mississippi,2020,2,250
Mississippi,2020,3,250
Mississippi,2020,4,250
Mississippi,2020,5,250
Mississippi,2020,6,250
Mississippi,2020,7,250
Mississippi,2020,8,250
Mississippi,2020,9,250
Mississippi,2020,10,250
Mississippi,2020,11,250
Mississippi,2020,12,250
Nevada,2020,1,250
Nevada,2020,2,250
Nevada,2020,3,250
Nevada,2020,4,250
Nevada,2020,5,250
Nevada,2020,6,250
Nevada,2020,7,250
Nevada,2020,8,250
Nevada,2020,9,250
Nevada,2020,10,250
Nevada,2020,11,250
Nevada,2020,12,250
Rhode Island,2020,1,250
Rhode Island,2020,2,250
Rhode Island,2020,3,250
Rhode Island,2020,4,250
Rhode Island,2020,5,250
Rhode Island,2020,6,250
Rhode Island,2020,7,250
Rhode Island,2020,8,250
Rhode Island,2020,9,250
Rhode Island,2020,10,250
Rhode Island,2020,11,250
Rhode Island,2020,12,250
Nebraska,2020,1,333
Nebraska,2020,2,333
Nebraska,2020,3,333
Nebraska,2020,4,333
Nebraska,2020,5,333
Nebraska,2020,6,333
Nebraska,2020,7,333
Nebraska,2020,8,333
Nebraska,2020,9,333
Nebraska,2020,10,333
Nebraska,2020,11,333
Nebraska,2020,12,333
Montana,2020,1,333
Montana,2020,2,333
Montana,2020,3,333
Montana,2020,4,333
Montana,2020,5,333
Montana,2020,6,333
Montana,2020,7,333
Montana,2020,8,333
Montana,2020,9,333
Montana,2020,10,333
Montana,2020,11,333
Montana,2020,12,333
Connecticut,2020,1,333
Connecticut,2020,2,333
Connecticut,2020,3,333
Connecticut,2020,4,333
Connecticut,2020,5,333
Connecticut,2020,6,333
Connecticut,2020,7,333
Connecticut,2020,8,333
Connecticut,2020,9,333
Connecticut,2020,10,333
Connecticut,2020,11,333
Connecticut,2020,12,333
Louisiana,2020,1,333
Louisiana,2020,2,333
Louisiana,2020,3,333
Louisiana,2020,4,333
Louisiana,2020,5,333
Louisiana,2020,6,333
Louisiana,2020,7,333
Louisiana,2020,8,333
Louisiana,2020,9,333
Louisiana,2020,10,333
Louisiana,2020,11,333
Louisiana,2020,12,333
Wisconsin,2020,1,417
Wisconsin,2020,2,417
Wisconsin,2020,3,417
Wisconsin,2020,4,417
Wisconsin,2020,5,417
Wisconsin,2020,6,417
Wisconsin,2020,7,417
Wisconsin,2020,8,417
Wisconsin,2020,9,417
Wisconsin,2020,10,417
Wisconsin,2020,11,417
Wisconsin,2020,12,417
Oklahoma,2020,1,417
Oklahoma,2020,2,417
Oklahoma,2020,3,417
Oklahoma,2020,4,417
Oklahoma,2020,5,417
Oklahoma,2020,6,417
Oklahoma,2020,7,417
Oklahoma,2020,8,417
Oklahoma,2020,9,417
Oklahoma,2020,10,417
Oklahoma,2020,11,417
Oklahoma,2020,12,417
Minnesota,2020,1,417
Minnesota,2020,2,417
Minnesota,2020,3,417
Minnesota,2020,4,417
Minnesota,2020,5,417
Minnesota,2020,6,417
Minnesota,2020,7,417
Minnesota,2020,8,417
Minnesota,2020,9,417
Minnesota,2020,10,417
Minnesota,2020,11,417
Minnesota,2020,12,417
Virginia,2020,1,417
Virginia,2020,2,417
Virginia,2020,3,417
Virginia,2020,4,417
Virginia,2020,5,417
Virginia,2020,6,417
Virginia,2020,7,417
Virginia,2020,8,417
Virginia,2020,9,417
Virginia,2020,10,417
Virginia,2020,11,417
Virginia,2020,12,417
Massachusetts,2020,1,500
Massachusetts,2020,2,500
Massachusetts,2020,3,500
Massachusetts,2020,4,500
Massachusetts,2020,5,500
Massachusetts,2020,6,500
Massachusetts,2020,7,500
Massachusetts,2020,8,500
Massachusetts,2020,9,500
Massachusetts,2020,10,500
Massachusetts,2020,11,500
Massachusetts,2020,12,500
Missouri,2020,1,500
Missouri,2020,2,500
Missouri,2020,3,500
Missouri,2020,4,500
Missouri,2020,5,500
Missouri,2020,6,500
Missouri,2020,7,500
Missouri,2020,8,500
Missouri,2020,9,500
Missouri,2020,10,500
Missouri,2020,11,500
Missouri,2020,12,500
Maryland,2020,1,500
Maryland,2020,2,500
Maryland,2020,3,500
Maryland,2020,4,500
Maryland,2020,5,500
Maryland,2020,6,500
Maryland,2020,7,500
Maryland,2020,8,500
Maryland,2020,9,500
Maryland,2020,10,500
Maryland,2020,11,500
Maryland,2020,12,500
Indiana,2020,1,1667
Indiana,2020,2,1667
Indiana,2020,3,1667
Indiana,2020,4,1667
Indiana,2020,5,1667
Indiana,2020,6,1667
Indiana,2020,7,1667
Indiana,2020,8,1667
Indiana,2020,9,1667
Indiana,2020,10,1667
Indiana,2020,11,1667
Indiana,2020,12,1667
Georgia,2020,1,1667
Georgia,2020,2,1667
Georgia,2020,3,1667
Georgia,2020,4,1667
Georgia,2020,5,1667
Georgia,2020,6,1667
Georgia,2020,7,1667
Georgia,2020,8,1667
Georgia,2020,9,1667
Georgia,2020,10,1667
Georgia,2020,11,1667
Georgia,2020,12,1667
Ohio,2020,1,1667
Ohio,2020,2,1667
Ohio,2020,3,1667
Ohio,2020,4,1667
Ohio,2020,5,1667
Ohio,2020,6,1667
Ohio,2020,7,1667
Ohio,2020,8,1667
Ohio,2020,9,1667
Ohio,2020,10,1667
Ohio,2020,11,1667
Ohio,2020,12,1667
North Carolina,2020,1,1667
North Carolina,2020,2,1667
North Carolina,2020,3,1667
North Carolina,2020,4,1667
North Carolina,2020,5,1667
North Carolina,2020,6,1667
North Carolina,2020,7,1667
North Carolina,2020,8,1667
North Carolina,2020,9,1667
North Carolina,2020,10,1667
North Carolina,2020,11,1667
North Carolina,2020,12,1667
Illinois,2020,1,1667
Illinois,2020,2,1667
Illinois,2020,3,1667
Illinois,2020,4,1667
Illinois,2020,5,1667
Illinois,2020,6,1667
Illinois,2020,7,1667
Illinois,2020,8,1667
Illinois,2020,9,1667
Illinois,2020,10,1667
Illinois,2020,11,1667
Illinois,2020,12,1667
Michigan,2020,1,2083
Michigan,2020,2,2083
Michigan,2020,3,2083
Michigan,2020,4,2083
Michigan,2020,5,2083
Michigan,2020,6,2083
Michigan,2020,7,2083
Michigan,2020,8,2083
Michigan,2020,9,2083
Michigan,2020,10,2083
Michigan,2020,11,2083
Michigan,2020,12,2083
Florida,2020,1,2500
Florida,2020,2,2500
Florida,2020,3,2500
Florida,2020,4,2500
Florida,2020,5,2500
Florida,2020,6,2500
Florida,2020,7,2500
Florida,2020,8,2500
Florida,2020,9,2500
Florida,2020,10,2500
Florida,2020,11,2500
Florida,2020,12,2500
Pennsylvania,2020,1,3333
Pennsylvania,2020,2,3333
Pennsylvania,2020,3,3333
Pennsylvania,2020,4,3333
Pennsylvania,2020,5,3333
Pennsylvania,2020,6,3333
Pennsylvania,2020,7,3333
Pennsylvania,2020,8,3333
Pennsylvania,2020,9,3333
Pennsylvania,2020,10,3333
Pennsylvania,2020,11,3333
Pennsylvania,2020,12,3333
Texas,2020,1,6250
Texas,2020,2,6250
Texas,2020,3,6250
Texas,2020,4,6250
Texas,2020,5,6250
Texas,2020,6,6250
Texas,2020,7,6250
Texas,2020,8,6250
Texas,2020,9,6250
Texas,2020,10,6250
Texas,2020,11,6250
Texas,2020,12,6250
Washington,2020,1,10000
Washington,2020,2,10000
Washington,2020,3,10000
Washington,2020,4,10000
Washington,2020,5,10000
Washington,2020,6,10000
Washington,2020,7,10000
Washington,2020,8,10000
Washington,2020,9,10000
Washington,2020,10,10000
Washington,2020,11,10000
Washington,2020,12,10000
California,2020,1,33
California,2020,2,33
California,2020,3,33
California,2020,4,33
California,2020,5,33
California,2020,6,33
California,2020,7,33
California,2020,8,33
California,2020,9,33
California,2020,10,33
California,2020,11,33
California,2020,12,33
Vermont,2021,1,42
Vermont,2021,2,42
Vermont,2021,3,42
Vermont,2021,4,42
Vermont,2021,5,42
Vermont,2021,6,42
Vermont,2021,7,42
Vermont,2021,8,42
Vermont,2021,9,42
Vermont,2021,10,42
Vermont,2021,11,42
Vermont,2021,12,42
North Dakota,2021,1,42
North Dakota,2021,2,42
North Dakota,2021,3,42
North Dakota,2021,4,42
North Dakota,2021,5,42
North Dakota,2021,6,42
North Dakota,2021,7,42
North Dakota,2021,8,42
North Dakota,2021,9,42
North Dakota,2021,10,42
North Dakota,2021,11,42
North Dakota,2021,12,42
South Dakota,2021,1,42
South Dakota,2021,2,42
South Dakota,2021,3,42
South Dakota,2021,4,42
South Dakota,2021,5,42
South Dakota,2021,6,42
South Dakota,2021,7,42
South Dakota,2021,8,42
South Dakota,2021,9,42
South Dakota,2021,10,42
South Dakota,2021,11,42
South Dakota,2021,12,42
West Virginia,2021,1,83
West Virginia,2021,2,83
West Virginia,2021,3,83
West Virginia,2021,4,83
West Virginia,2021,5,83
West Virginia,2021,6,83
West Virginia,2021,7,83
West Virginia,2021,8,83
West Virginia,2021,9,83
West Virginia,2021,10,83
West Virginia,2021,11,83
West Virginia,2021,12,83
Idaho,2021,1,83
Idaho,2021,2,83
Idaho,2021,3,83
Idaho,2021,4,83
Idaho,2021,5,83
Idaho,2021,6,83
Idaho,2021,7,83
Idaho,2021,8,83
Idaho,2021,9,83
Idaho,2021,10,83
Idaho,2021,11,83
Idaho,2021,12,83
New Hampshire,2021,1,125
New Hampshire,2021,2,125
New Hampshire,2021,3,125
New Hampshire,2021,4,125
New Hampshire,2021,5,125
New Hampshire,2021,6,125
New Hampshire,2021,7,125
New Hampshire,2021,8,125
New Hampshire,2021,9,125
New Hampshire,2021,10,125
New Hampshire,2021,11,125
New Hampshire,2021,12,125
South Carolina,2021,1,125
South Carolina,2021,2,125
South Carolina,2021,3,125
South Carolina,2021,4,125
South Carolina,2021,5,125
South Carolina,2021,6,125
South Carolina,2021,7,125
South Carolina,2021,8,125
South Carolina,2021,9,125
South Carolina,2021,10,125
South Carolina,2021,11,125
South Carolina,2021,12,125
Alabama,2021,1,125
Alabama,2021,2,125
Alabama,2021,3,125
Alabama,2021,4,125
Alabama,2021,5,125
Alabama,2021,6,125
Alabama,2021,7,125
Alabama,2021,8,125
Alabama,2021,9,125
Alabama,2021,10,125
Alabama,2021,11,125
Alabama,2021,12,125
Utah,2021,1,125
Utah,2021,2,125
Utah,2021,3,125
Utah,2021,4,125
Utah,2021,5,125
Utah,2021,6,125
Utah,2021,7,125
Utah,2021,8,125
Utah,2021,9,125
Utah,2021,10,125
Utah,2021,11,125
Utah,2021,12,125
Arkansas,2021,1,125
Arkansas,2021,2,125
Arkansas,2021,3,125
Arkansas,2021,4,125
Arkansas,2021,5,125
Arkansas,2021,6,125
Arkansas,2021,7,125
Arkansas,2021,8,125
Arkansas,2021,9,125
Arkansas,2021,10,125
Arkansas,2021,11,125
Arkansas,2021,12,125
New Mexico,2021,1,208
New Mexico,2021,2,208
New Mexico,2021,3,208
New Mexico,2021,4,208
New Mexico,2021,5,208
New Mexico,2021,6,208
New Mexico,2021,7,208
New Mexico,2021,8,208
New Mexico,2021,9,208
New Mexico,2021,10,208
New Mexico,2021,11,208
New Mexico,2021,12,208
Oregon,2021,1,208
Oregon,2021,2,208
Oregon,2021,3,208
Oregon,2021,4,208
Oregon,2021,5,208
Oregon,2021,6,208
Oregon,2021,7,208
Oregon,2021,8,208
Oregon,2021,9,208
Oregon,2021,10,208
Oregon,2021,11,208
Oregon,2021,12,208
Mississippi,2021,1,250
Mississippi,2021,2,250
Mississippi,2021,3,250
Mississippi,2021,4,250
Mississippi,2021,5,250
Mississippi,2021,6,250
Mississippi,2021,7,250
Mississippi,2021,8,250
Mississippi,2021,9,250
Mississippi,2021,10,250
Mississippi,2021,11,250
Mississippi,2021,12,250
Nevada,2021,1,250
Nevada,2021,2,250
Nevada,2021,3,250
Nevada,2021,4,250
Nevada,2021,5,250
Nevada,2021,6,250
Nevada,2021,7,250
Nevada,2021,8,250
Nevada,2021,9,250
Nevada,2021,10,250
Nevada,2021,11,250
Nevada,2021,12,250
Rhode Island,2021,1,250
Rhode Island,2021,2,250
Rhode Island,2021,3,250
Rhode Island,2021,4,250
Rhode Island,2021,5,250
Rhode Island,2021,6,250
Rhode Island,2021,7,250
Rhode Island,2021,8,250
Rhode Island,2021,9,250
Rhode Island,2021,10,250
Rhode Island,2021,11,250
Rhode Island,2021,12,250
Nebraska,2021,1,333
Nebraska,2021,2,333
Nebraska,2021,3,333
Nebraska,2021,4,333
Nebraska,2021,5,333
Nebraska,2021,6,333
Nebraska,2021,7,333
Nebraska,2021,8,333
Nebraska,2021,9,333
Nebraska,2021,10,333
Nebraska,2021,11,333
Nebraska,2021,12,333
Montana,2021,1,333
Montana,2021,2,333
Montana,2021,3,333
Montana,2021,4,333
Montana,2021,5,333
Montana,2021,6,333
Montana,2021,7,333
Montana,2021,8,333
Montana,2021,9,333
Montana,2021,10,333
Montana,2021,11,333
Montana,2021,12,333
Connecticut,2021,1,333
Connecticut,2021,2,333
Connecticut,2021,3,333
Connecticut,2021,4,333
Connecticut,2021,5,333
Connecticut,2021,6,333
Connecticut,2021,7,333
Connecticut,2021,8,333
Connecticut,2021,9,333
Connecticut,2021,10,333
Connecticut,2021,11,333
Connecticut,2021,12,333
Louisiana,2021,1,333
Louisiana,2021,2,333
Louisiana,2021,3,333
Louisiana,2021,4,333
Louisiana,2021,5,333
Louisiana,2021,6,333
Louisiana,2021,7,333
Louisiana,2021,8,333
Louisiana,2021,9,333
Louisiana,2021,10,333
Louisiana,2021,11,333
Louisiana,2021,12,333
Wisconsin,2021,1,417
Wisconsin,2021,2,417
Wisconsin,2021,3,417
Wisconsin,2021,4,417
Wisconsin,2021,5,417
Wisconsin,2021,6,417
Wisconsin,2021,7,417
Wisconsin,2021,8,417
Wisconsin,2021,9,417
Wisconsin,2021,10,417
Wisconsin,2021,11,417
Wisconsin,2021,12,417
Oklahoma,2021,1,417
Oklahoma,2021,2,417
Oklahoma,2021,3,417
Oklahoma,2021,4,417
Oklahoma,2021,5,417
Oklahoma,2021,6,417
Oklahoma,2021,7,417
Oklahoma,2021,8,417
Oklahoma,2021,9,417
Oklahoma,2021,10,417
Oklahoma,2021,11,417
Oklahoma,2021,12,417
Minnesota,2021,1,417
Minnesota,2021,2,417
Minnesota,2021,3,417
Minnesota,2021,4,417
Minnesota,2021,5,417
Minnesota,2021,6,417
Minnesota,2021,7,417
Minnesota,2021,8,417
Minnesota,2021,9,417
Minnesota,2021,10,417
Minnesota,2021,11,417
Minnesota,2021,12,417
Virginia,2021,1,417
Virginia,2021,2,417
Virginia,2021,3,417
Virginia,2021,4,417
Virginia,2021,5,417
Virginia,2021,6,417
Virginia,2021,7,417
Virginia,2021,8,417
Virginia,2021,9,417
Virginia,2021,10,417
Virginia,2021,11,417
Virginia,2021,12,417
Massachusetts,2021,1,500
Massachusetts,2021,2,500
Massachusetts,2021,3,500
Massachusetts,2021,4,500
Massachusetts,2021,5,500
Massachusetts,2021,6,500
Massachusetts,2021,7,500
Massachusetts,2021,8,500
Massachusetts,2021,9,500
Massachusetts,2021,10,500
Massachusetts,2021,11,500
Massachusetts,2021,12,500
Missouri,2021,1,500
Missouri,2021,2,500
Missouri,2021,3,500
Missouri,2021,4,500
Missouri,2021,5,500
Missouri,2021,6,500
Missouri,2021,7,500
Missouri,2021,8,500
Missouri,2021,9,500
Missouri,2021,10,500
Missouri,2021,11,500
Missouri,2021,12,500
Maryland,2021,1,500
Maryland,2021,2,500
Maryland,2021,3,500
Maryland,2021,4,500
Maryland,2021,5,500
Maryland,2021,6,500
Maryland,2021,7,500
Maryland,2021,8,500
Maryland,2021,9,500
Maryland,2021,10,500
Maryland,2021,11,500
Maryland,2021,12,500
Indiana,2021,1,1667
Indiana,2021,2,1667
Indiana,2021,3,1667
Indiana,2021,4,1667
Indiana,2021,5,1667
Indiana,2021,6,1667
Indiana,2021,7,1667
Indiana,2021,8,1667
Indiana,2021,9,1667
Indiana,2021,10,1667
Indiana,2021,11,1667
Indiana,2021,12,1667
Georgia,2021,1,1667
Georgia,2021,2,1667
Georgia,2021,3,1667
Georgia,2021,4,1667
Georgia,2021,5,1667
Georgia,2021,6,1667
Georgia,2021,7,1667
Georgia,2021,8,1667
Georgia,2021,9,1667
Georgia,2021,10,1667
Georgia,2021,11,1667
Georgia,2021,12,1667
Ohio,2021,1,1667
Ohio,2021,2,1667
Ohio,2021,3,1667
Ohio,2021,4,1667
Ohio,2021,5,1667
Ohio,2021,6,1667
Ohio,2021,7,1667
Ohio,2021,8,1667
Ohio,2021,9,1667
Ohio,2021,10,1667
Ohio,2021,11,1667
Ohio,2021,12,1667
North Carolina,2021,1,1667
North Carolina,2021,2,1667
North Carolina,2021,3,1667
North Carolina,2021,4,1667
North Carolina,2021,5,1667
North Carolina,2021,6,1667
North Carolina,2021,7,1667
North Carolina,2021,8,1667
North Carolina,2021,9,1667
North Carolina,2021,10,1667
North Carolina,2021,11,1667
North Carolina,2021,12,1667
Illinois,2021,1,1667
Illinois,2021,2,1667
Illinois,2021,3,1667
Illinois,2021,4,1667
Illinois,2021,5,1667
Illinois,2021,6,1667
Illinois,2021,7,1667
Illinois,2021,8,1667
Illinois,2021,9,1667
Illinois,2021,10,1667
Illinois,2021,11,1667
Illinois,2021,12,1667
Michigan,2021,1,2083
Michigan,2021,2,2083
Michigan,2021,3,2083
Michigan,2021,4,2083
Michigan,2021,5,2083
Michigan,2021,6,2083
Michigan,2021,7,2083
Michigan,2021,8,2083
Michigan,2021,9,2083
Michigan,2021,10,2083
Michigan,2021,11,2083
Michigan,2021,12,2083
Florida,2021,1,2500
Florida,2021,2,2500
Florida,2021,3,2500
Florida,2021,4,2500
Florida,2021,5,2500
Florida,2021,6,2500
Florida,2021,7,2500
Florida,2021,8,2500
Florida,2021,9,2500
Florida,2021,10,2500
Florida,2021,11,2500
Florida,2021,12,2500
Pennsylvania,2021,1,3333
Pennsylvania,2021,2,3333
Pennsylvania,2021,3,3333
Pennsylvania,2021,4,3333
Pennsylvania,2021,5,3333
Pennsylvania,2021,6,3333
Pennsylvania,2021,7,3333
Pennsylvania,2021,8,3333
Pennsylvania,2021,9,3333
Pennsylvania,2021,10,3333
Pennsylvania,2021,11,3333
Pennsylvania,2021,12,3333
Texas,2021,1,4167
Texas,2021,2,4167
Texas,2021,3,4167
Texas,2021,4,4167
Texas,2021,5,4167
Texas,2021,6,4167
Texas,2021,7,4167
Texas,2021,8,4167
Texas,2021,9,4167
Texas,2021,10,4167
Texas,2021,11,4167
Texas,2021,12,4167
Washington,2021,1,5833
Washington,2021,2,5833
Washington,2021,3,5833
Washington,2021,4,5833
Washington,2021,5,5833
Washington,2021,6,5833
Washington,2021,7,5833
Washington,2021,8,5833
Washington,2021,9,5833
Washington,2021,10,5833
Washington,2021,11,5833
Washington,2021,12,5833
New York,2021,1,7500
New York,2021,2,7500
New York,2021,3,7500
New York,2021,4,7500
New York,2021,5,7500
New York,2021,6,7500
New York,2021,7,7500
New York,2021,8,7500
New York,2021,9,7500
New York,2021,10,7500
New York,2021,11,7500
New York,2021,12,7500
California,2021,1,10000
California,2021,2,10000
California,2021,3,10000
California,2021,4,10000
California,2021,5,10000
California,2021,6,10000
California,2021,7,10000
California,2021,8,10000
California,2021,9,10000
California,2021,10,10000
California,2021,11,10000
California,2021,12,10000
Vermont,2019,1,42
Vermont,2019,2,42
Vermont,2019,3,42
Vermont,2019,4,42
Vermont,2019,5,42
Vermont,2019,6,42
Vermont,2019,7,42
Vermont,2019,8,42
Vermont,2019,9,42
Vermont,2019,10,42
Vermont,2019,11,42
Vermont,2019,12,42
North Dakota,2019,1,42
North Dakota,2019,2,42
North Dakota,2019,3,42
North Dakota,2019,4,42
North Dakota,2019,5,42
North Dakota,2019,6,42
North Dakota,2019,7,42
North Dakota,2019,8,42
North Dakota,2019,9,42
North Dakota,2019,10,42
North Dakota,2019,11,42
North Dakota,2019,12,42
South Dakota,2019,1,42
South Dakota,2019,2,42
South Dakota,2019,3,42
South Dakota,2019,4,42
South Dakota,2019,5,42
South Dakota,2019,6,42
South Dakota,2019,7,42
South Dakota,2019,8,42
South Dakota,2019,9,42
South Dakota,2019,10,42
South Dakota,2019,11,42
South Dakota,2019,12,42
West Virginia,2019,1,42
West Virginia,2019,2,42
West Virginia,2019,3,42
West Virginia,2019,4,42
West Virginia,2019,5,42
West Virginia,2019,6,42
West Virginia,2019,7,42
West Virginia,2019,8,42
West Virginia,2019,9,42
West Virginia,2019,10,42
West Virginia,2019,11,42
West Virginia,2019,12,42
Idaho,2019,1,42
Idaho,2019,2,42
Idaho,2019,3,42
Idaho,2019,4,42
Idaho,2019,5,42
Idaho,2019,6,42
Idaho,2019,7,42
Idaho,2019,8,42
Idaho,2019,9,42
Idaho,2019,10,42
Idaho,2019,11,42
Idaho,2019,12,42
New Hampshire,2019,1,125
New Hampshire,2019,2,125
New Hampshire,2019,3,125
New Hampshire,2019,4,125
New Hampshire,2019,5,125
New Hampshire,2019,6,125
New Hampshire,2019,7,125
New Hampshire,2019,8,125
New Hampshire,2019,9,125
New Hampshire,2019,10,125
New Hampshire,2019,11,125
New Hampshire,2019,12,125
South Carolina,2019,1,125
South Carolina,2019,2,125
South Carolina,2019,3,125
South Carolina,2019,4,125
South Carolina,2019,5,125
South Carolina,2019,6,125
South Carolina,2019,7,125
South Carolina,2019,8,125
South Carolina,2019,9,125
South Carolina,2019,10,125
South Carolina,2019,11,125
South Carolina,2019,12,125
Alabama,2019,1,125
Alabama,2019,2,125
Alabama,2019,3,125
Alabama,2019,4,125
Alabama,2019,5,125
Alabama,2019,6,125
Alabama,2019,7,125
Alabama,2019,8,125
Alabama,2019,9,125
Alabama,2019,10,125
Alabama,2019,11,125
Alabama,2019,12,125
Utah,2019,1,125
Utah,2019,2,125
Utah,2019,3,125
Utah,2019,4,125
Utah,2019,5,125
Utah,2019,6,125
Utah,2019,7,125
Utah,2019,8,125
Utah,2019,9,125
Utah,2019,10,125
Utah,2019,11,125
Utah,2019,12,125
Arkansas,2019,1,125
Arkansas,2019,2,125
Arkansas,2019,3,125
Arkansas,2019,4,125
Arkansas,2019,5,125
Arkansas,2019,6,125
Arkansas,2019,7,125
Arkansas,2019,8,125
Arkansas,2019,9,125
Arkansas,2019,10,125
Arkansas,2019,11,125
Arkansas,2019,12,125
New Mexico,2019,1,208
New Mexico,2019,2,208
New Mexico,2019,3,208
New Mexico,2019,4,208
New Mexico,2019,5,208
New Mexico,2019,6,208
New Mexico,2019,7,208
New Mexico,2019,8,208
New Mexico,2019,9,208
New Mexico,2019,10,208
New Mexico,2019,11,208
New Mexico,2019,12,208
Oregon,2019,1,208
Oregon,2019,2,208
Oregon,2019,3,208
Oregon,2019,4,208
Oregon,2019,5,208
Oregon,2019,6,208
Oregon,2019,7,208
Oregon,2019,8,208
Oregon,2019,9,208
Oregon,2019,10,208
Oregon,2019,11,208
Oregon,2019,12,208
Mississippi,2019,1,208
Mississippi,2019,2,208
Mississippi,2019,3,208
Mississippi,2019,4,208
Mississippi,2019,5,208
Mississippi,2019,6,208
Mississippi,2019,7,208
Mississippi,2019,8,208
Mississippi,2019,9,208
Mississippi,2019,10,208
Mississippi,2019,11,208
Mississippi,2019,12,208
Nevada,2019,1,208
Nevada,2019,2,208
Nevada,2019,3,208
Nevada,2019,4,208
Nevada,2019,5,208
Nevada,2019,6,208
Nevada,2019,7,208
Nevada,2019,8,208
Nevada,2019,9,208
Nevada,2019,10,208
Nevada,2019,11,208
Nevada,2019,12,208
Rhode Island,2019,1,333
Rhode Island,2019,2,333
Rhode Island,2019,3,333
Rhode Island,2019,4,333
Rhode Island,2019,5,333
Rhode Island,2019,6,333
Rhode Island,2019,7,333
Rhode Island,2019,8,333
Rhode Island,2019,9,333
Rhode Island,2019,10,333
Rhode Island,2019,11,333
Rhode Island,2019,12,333
Nebraska,2019,1,333
Nebraska,2019,2,333
Nebraska,2019,3,333
Nebraska,2019,4,333
Nebraska,2019,5,333
Nebraska,2019,6,333
Nebraska,2019,7,333
Nebraska,2019,8,333
Nebraska,2019,9,333
Nebraska,2019,10,333
Nebraska,2019,11,333
Nebraska,2019,12,333
Montana,2019,1,333
Montana,2019,2,333
Montana,2019,3,333
Montana,2019,4,333
Montana,2019,5,333
Montana,2019,6,333
Montana,2019,7,333
Montana,2019,8,333
Montana,2019,9,333
Montana,2019,10,333
Montana,2019,11,333
Montana,2019,12,333
Connecticut,2019,1,333
Connecticut,2019,2,333
Connecticut,2019,3,333
Connecticut,2019,4,333
Connecticut,2019,5,333
Connecticut,2019,6,333
Connecticut,2019,7,333
Connecticut,2019,8,333
Connecticut,2019,9,333
Connecticut,2019,10,333
Connecticut,2019,11,333
Connecticut,2019,12,333
Louisiana,2019,1,333
Louisiana,2019,2,333
Louisiana,2019,3,333
Louisiana,2019,4,333
Louisiana,2019,5,333
Louisiana,2019,6,333
Louisiana,2019,7,333
Louisiana,2019,8,333
Louisiana,2019,9,333
Louisiana,2019,10,333
Louisiana,2019,11,333
Louisiana,2019,12,333
Wisconsin,2019,1,417
Wisconsin,2019,2,417
Wisconsin,2019,3,417
Wisconsin,2019,4,417
Wisconsin,2019,5,417
Wisconsin,2019,6,417
Wisconsin,2019,7,417
Wisconsin,2019,8,417
Wisconsin,2019,9,417
Wisconsin,2019,10,417
Wisconsin,2019,11,417
Wisconsin,2019,12,417
Oklahoma,2019,1,417
Oklahoma,2019,2,417
Oklahoma,2019,3,417
Oklahoma,2019,4,417
Oklahoma,2019,5,417
Oklahoma,2019,6,417
Oklahoma,2019,7,417
Oklahoma,2019,8,417
Oklahoma,2019,9,417
Oklahoma,2019,10,417
Oklahoma,2019,11,417
Oklahoma,2019,12,417
Minnesota,2019,1,417
Minnesota,2019,2,417
Minnesota,2019,3,417
Minnesota,2019,4,417
Minnesota,2019,5,417
Minnesota,2019,6,417
Minnesota,2019,7,417
Minnesota,2019,8,417
Minnesota,2019,9,417
Minnesota,2019,10,417
Minnesota,2019,11,417
Minnesota,2019,12,417
Virginia,2019,1,417
Virginia,2019,2,417
Virginia,2019,3,417
Virginia,2019,4,417
Virginia,2019,5,417
Virginia,2019,6,417
Virginia,2019,7,417
Virginia,2019,8,417
Virginia,2019,9,417
Virginia,2019,10,417
Virginia,2019,11,417
Virginia,2019,12,417
Delaware,2019,1,667
Delaware,2019,2,667
Delaware,2019,3,667
Delaware,2019,4,667
Delaware,2019,5,667
Delaware,2019,6,667
Delaware,2019,7,667
Delaware,2019,8,667
Delaware,2019,9,667
Delaware,2019,10,667
Delaware,2019,11,667
Delaware,2019,12,667
Kentucky,2019,1,667
Kentucky,2019,2,667
Kentucky,2019,3,667
Kentucky,2019,4,667
Kentucky,2019,5,667
Kentucky,2019,6,667
Kentucky,2019,7,667
Kentucky,2019,8,667
Kentucky,2019,9,667
Kentucky,2019,10,667
Kentucky,2019,11,667
Kentucky,2019,12,667
Tennessee,2019,1,667
Tennessee,2019,2,667
Tennessee,2019,3,667
Tennessee,2019,4,667
Tennessee,2019,5,667
Tennessee,2019,6,667
Tennessee,2019,7,667
Tennessee,2019,8,667
Tennessee,2019,9,667
Tennessee,2019,10,667
Tennessee,2019,11,667
Tennessee,2019,12,667
North Carolina,2019,1,1250
North Carolina,2019,2,1250
North Carolina,2019,3,1250
North Carolina,2019,4,1250
North Carolina,2019,5,1250
North Carolina,2019,6,1250
North Carolina,2019,7,1250
North Carolina,2019,8,1250
North Carolina,2019,9,1250
North Carolina,2019,10,1250
North Carolina,2019,11,1250
North Carolina,2019,12,1250
Illinois,2019,1,1250
Illinois,2019,2,1250
Illinois,2019,3,1250
Illinois,2019,4,1250
Illinois,2019,5,1250
Illinois,2019,6,1250
Illinois,2019,7,1250
Illinois,2019,8,1250
Illinois,2019,9,1250
Illinois,2019,10,1250
Illinois,2019,11,1250
Illinois,2019,12,1250
Michigan,2019,1,1250
Michigan,2019,2,1250
Michigan,2019,3,1250
Michigan,2019,4,1250
Michigan,2019,5,1250
Michigan,2019,6,1250
Michigan,2019,7,1250
Michigan,2019,8,1250
Michigan,2019,9,1250
Michigan,2019,10,1250
Michigan,2019,11,1250
Michigan,2019,12,1250
Florida,2019,1,2083
Florida,2019,2,2083
Florida,2019,3,2083
Florida,2019,4,2083
Florida,2019,5,2083
Florida,2019,6,2083
Florida,2019,7,2083
Florida,2019,8,2083
Florida,2019,9,2083
Florida,2019,10,2083
Florida,2019,11,2083
Florida,2019,12,2083
Pennsylvania,2019,1,2083
Pennsylvania,2019,2,2083
Pennsylvania,2019,3,2083
Pennsylvania,2019,4,2083
Pennsylvania,2019,5,2083
Pennsylvania,2019,6,2083
Pennsylvania,2019,7,2083
Pennsylvania,2019,8,2083
Pennsylvania,2019,9,2083
Pennsylvania,2019,10,2083
Pennsylvania,2019,11,2083
Pennsylvania,2019,12,2083
Texas,2019,1,6667
Texas,2019,2,6667
Texas,2019,3,6667
Texas,2019,4,6667
Texas,2019,5,6667
Texas,2019,6,6667
Texas,2019,7,6667
Texas,2019,8,6667
Texas,2019,9,6667
Texas,2019,10,6667
Texas,2019,11,6667
Texas,2019,12,6667
Washington,2019,1,6667
Washington,2019,2,6667
Washington,2019,3,6667
Washington,2019,4,6667
Washington,2019,5,6667
Washington,2019,6,6667
Washington,2019,7,6667
Washington,2019,8,6667
Washington,2019,9,6667
Washington,2019,10,6667
Washington,2019,11,6667
Washington,2019,12,6667
California,2019,1,33
California,2019,2,33
California,2019,3,33
California,2019,4,33
California,2019,5,33
California,2019,6,33
California,2019,7,33
California,2019,8,33
California,2019,9,33
California,2019,10,33
California,2019,11,33
California,2019,12,33
Massachusetts,2019,1,500
Massachusetts,2019,2,500
Massachusetts,2019,3,500
Massachusetts,2019,4,500
Massachusetts,2019,5,500
Massachusetts,2019,6,500
Massachusetts,2019,7,500
Massachusetts,2019,8,500
Massachusetts,2019,9,500
Massachusetts,2019,10,500
Massachusetts,2019,11,500
Massachusetts,2019,12,500
Missouri,2019,1,500
Missouri,2019,2,500
Missouri,2019,3,500
Missouri,2019,4,500
Missouri,2019,5,500
Missouri,2019,6,500
Missouri,2019,7,500
Missouri,2019,8,500
Missouri,2019,9,500
Missouri,2019,10,500
Missouri,2019,11,500
Missouri,2019,12,500
Maryland,2019,1,500
Maryland,2019,2,500
Maryland,2019,3,500
Maryland,2019,4,500
Maryland,2019,5,500
Maryland,2019,6,500
Maryland,2019,7,500
Maryland,2019,8,500
Maryland,2019,9,500
Maryland,2019,10,500
Maryland,2019,11,500
Maryland,2019,12,500
New Jersey,2019,1,500
New Jersey,2019,2,500
New Jersey,2019,3,500
New Jersey,2019,4,500
New Jersey,2019,5,500
New Jersey,2019,6,500
New Jersey,2019,7,500
New Jersey,2019,8,500
New Jersey,2019,9,500
New Jersey,2019,10,500
New Jersey,2019,11,500
New Jersey,2019,12,500
Colorado,2019,1,500
Colorado,2019,2,500
Colorado,2019,3,500
Colorado,2019,4,500
Colorado,2019,5,500
Colorado,2019,6,500
Colorado,2019,7,500
Colorado,2019,8,500
Colorado,2019,9,500
Colorado,2019,10,500
Colorado,2019,11,500
Colorado,2019,12,500
Arizona,2019,1,500
Arizona,2019,2,500
Arizona,2019,3,500
Arizona,2019,4,500
Arizona,2019,5,500
Arizona,2019,6,500
Arizona,2019,7,500
Arizona,2019,8,500
Arizona,2019,9,500
Arizona,2019,10,500
Arizona,2019,11,500
Arizona,2019,12,500
South Dakota,2018,1,33
South Dakota,2018,2,33
South Dakota,2018,3,33
South Dakota,2018,4,33
South Dakota,2018,5,33
South Dakota,2018,6,33
South Dakota,2018,7,33
South Dakota,2018,8,33
South Dakota,2018,9,33
South Dakota,2018,10,33
South Dakota,2018,11,33
South Dakota,2018,12,33
Idaho,2018,1,33
Idaho,2018,2,33
Idaho,2018,3,33
Idaho,2018,4,33
Idaho,2018,5,33
Idaho,2018,6,33
Idaho,2018,7,33
Idaho,2018,8,33
Idaho,2018,9,33
Idaho,2018,10,33
Idaho,2018,11,33
Idaho,2018,12,33
New Hampshire,2018,1,33
New Hampshire,2018,2,33
New Hampshire,2018,3,33
New Hampshire,2018,4,33
New Hampshire,2018,5,33
New Hampshire,2018,6,33
New Hampshire,2018,7,33
New Hampshire,2018,8,33
New Hampshire,2018,9,33
New Hampshire,2018,10,33
New Hampshire,2018,11,33
New Hampshire,2018,12,33
New Mexico,2018,1,33
New Mexico,2018,2,33
New Mexico,2018,3,33
New Mexico,2018,4,33
New Mexico,2018,5,33
New Mexico,2018,6,33
New Mexico,2018,7,33
New Mexico,2018,8,33
New Mexico,2018,9,33
New Mexico,2018,10,33
New Mexico,2018,11,33
New Mexico,2018,12,33
Nebraska,2018,1,33
Nebraska,2018,2,33
Nebraska,2018,3,33
Nebraska,2018,4,33
Nebraska,2018,5,33
Nebraska,2018,6,33
Nebraska,2018,7,33
Nebraska,2018,8,33
Nebraska,2018,9,33
Nebraska,2018,10,33
Nebraska,2018,11,33
Nebraska,2018,12,33
Montana,2018,1,33
Montana,2018,2,33
Montana,2018,3,33
Montana,2018,4,33
Montana,2018,5,33
Montana,2018,6,33
Montana,2018,7,33
Montana,2018,8,33
Montana,2018,9,33
Montana,2018,10,33
Montana,2018,11,33
Montana,2018,12,33
Maine,2018,1,33
Maine,2018,2,33
Maine,2018,3,33
Maine,2018,4,33
Maine,2018,5,33
Maine,2018,6,33
Maine,2018,7,33
Maine,2018,8,33
Maine,2018,9,33
Maine,2018,10,33
Maine,2018,11,33
Maine,2018,12,33
South Carolina,2018,1,167
South Carolina,2018,2,167
South Carolina,2018,3,167
South Carolina,2018,4,167
South Carolina,2018,5,167
South Carolina,2018,6,167
South Carolina,2018,7,167
South Carolina,2018,8,167
South Carolina,2018,9,167
South Carolina,2018,10,167
South Carolina,2018,11,167
South Carolina,2018,12,167
Nevada,2018,1,167
Nevada,2018,2,167
Nevada,2018,3,167
Nevada,2018,4,167
Nevada,2018,5,167
Nevada,2018,6,167
Nevada,2018,7,167
Nevada,2018,8,167
Nevada,2018,9,167
Nevada,2018,10,167
Nevada,2018,11,167
Nevada,2018,12,167
Connecticut,2018,1,167
Connecticut,2018,2,167
Connecticut,2018,3,167
Connecticut,2018,4,167
Connecticut,2018,5,167
Connecticut,2018,6,167
Connecticut,2018,7,167
Connecticut,2018,8,167
Connecticut,2018,9,167
Connecticut,2018,10,167
Connecticut,2018,11,167
Connecticut,2018,12,167
Louisiana,2018,1,167
Louisiana,2018,2,167
Louisiana,2018,3,167
Louisiana,2018,4,167
Louisiana,2018,5,167
Louisiana,2018,6,167
Louisiana,2018,7,167
Louisiana,2018,8,167
Louisiana,2018,9,167
Louisiana,2018,10,167
Louisiana,2018,11,167
Louisiana,2018,12,167
Oklahoma,2018,1,167
Oklahoma,2018,2,167
Oklahoma,2018,3,167
Oklahoma,2018,4,167
Oklahoma,2018,5,167
Oklahoma,2018,6,167
Oklahoma,2018,7,167
Oklahoma,2018,8,167
Oklahoma,2018,9,167
Oklahoma,2018,10,167
Oklahoma,2018,11,167
Oklahoma,2018,12,167
Indiana,2018,1,167
Indiana,2018,2,167
Indiana,2018,3,167
Indiana,2018,4,167
Indiana,2018,5,167
Indiana,2018,6,167
Indiana,2018,7,167
Indiana,2018,8,167
Indiana,2018,9,167
Indiana,2018,10,167
Indiana,2018,11,167
Indiana,2018,12,167
District of Columbia,2018,1,17
District of Columbia,2018,2,17
District of Columbia,2018,3,17
District of Columbia,2018,4,17
District of Columbia,2018,5,17
District of Columbia,2018,6,17
District of Columbia,2018,7,17
District of Columbia,2018,8,17
District of Columbia,2018,9,17
District of Columbia,2018,10,17
District of Columbia,2018,11,17
District of Columbia,2018,12,17
Iowa,2018,1,83
Iowa,2018,2,83
Iowa,2018,3,83
Iowa,2018,4,83
Iowa,2018,5,83
Iowa,2018,6,83
Iowa,2018,7,83
Iowa,2018,8,83
Iowa,2018,9,83
Iowa,2018,10,83
Iowa,2018,11,83
Iowa,2018,12,83
Kansas,2018,1,83
Kansas,2018,2,83
Kansas,2018,3,83
Kansas,2018,4,83
Kansas,2018,5,83
Kansas,2018,6,83
Kansas,2018,7,83
Kansas,2018,8,83
Kansas,2018,9,83
Kansas,2018,10,83
Kansas,2018,11,83
Kansas,2018,12,83
Alabama,2018,1,458
Alabama,2018,2,458
Alabama,2018,3,458
Alabama,2018,4,458
Alabama,2018,5,458
Alabama,2018,6,458
Alabama,2018,7,458
Alabama,2018,8,458
Alabama,2018,9,458
Alabama,2018,10,458
Alabama,2018,11,458
Alabama,2018,12,458
Arkansas,2018,1,458
Arkansas,2018,2,458
Arkansas,2018,3,458
Arkansas,2018,4,458
Arkansas,2018,5,458
Arkansas,2018,6,458
Arkansas,2018,7,458
Arkansas,2018,8,458
Arkansas,2018,9,458
Arkansas,2018,10,458
Arkansas,2018,11,458
Arkansas,2018,12,458
Mississippi,2018,1,125
Mississippi,2018,2,125
Mississippi,2018,3,125
Mississippi,2018,4,125
Mississippi,2018,5,125
Mississippi,2018,6,125
Mississippi,2018,7,125
Mississippi,2018,8,125
Mississippi,2018,9,125
Mississippi,2018,10,125
Mississippi,2018,11,125
Mississippi,2018,12,125
Virginia,2018,1,2083
Virginia,2018,2,2083
Virginia,2018,3,2083
Virginia,2018,4,2083
Virginia,2018,5,2083
Virginia,2018,6,2083
Virginia,2018,7,2083
Virginia,2018,8,2083
Virginia,2018,9,2083
Virginia,2018,10,2083
Virginia,2018,11,2083
Virginia,2018,12,2083
Missouri,2018,1,83
Missouri,2018,2,83
Missouri,2018,3,83
Missouri,2018,4,83
Missouri,2018,5,83
Missouri,2018,6,83
Missouri,2018,7,83
Missouri,2018,8,83
Missouri,2018,9,83
Missouri,2018,10,83
Missouri,2018,11,83
Missouri,2018,12,83
Maryland,2018,1,83
Maryland,2018,2,83
Maryland,2018,3,83
Maryland,2018,4,83
Maryland,2018,5,83
Maryland,2018,6,83
Maryland,2018,7,83
Maryland,2018,8,83
Maryland,2018,9,83
Maryland,2018,10,83
Maryland,2018,11,83
Maryland,2018,12,83
Colorado,2018,1,458
Colorado,2018,2,458
Colorado,2018,3,458
Colorado,2018,4,458
Colorado,2018,5,458
Colorado,2018,6,458
Colorado,2018,7,458
Colorado,2018,8,458
Colorado,2018,9,458
Colorado,2018,10,458
Colorado,2018,11,458
Colorado,2018,12,458
Arizona,2018,1,625
Arizona,2018,2,625
Arizona,2018,3,625
Arizona,2018,4,625
Arizona,2018,5,625
Arizona,2018,6,625
Arizona,2018,7,625
Arizona,2018,8,625
Arizona,2018,9,625
Arizona,2018,10,625
Arizona,2018,11,625
Arizona,2018,12,625
Kentucky,2018,1,625
Kentucky,2018,2,625
Kentucky,2018,3,625
Kentucky,2018,4,625
Kentucky,2018,5,625
Kentucky,2018,6,625
Kentucky,2018,7,625
Kentucky,2018,8,625
Kentucky,2018,9,625
Kentucky,2018,10,625
Kentucky,2018,11,625
Kentucky,2018,12,625
North Carolina,2018,1,625
North Carolina,2018,2,625
North Carolina,2018,3,625
North Carolina,2018,4,625
North Carolina,2018,5,625
North Carolina,2018,6,625
North Carolina,2018,7,625
North Carolina,2018,8,625
North Carolina,2018,9,625
North Carolina,2018,10,625
North Carolina,2018,11,625
North Carolina,2018,12,625
Michigan,2018,1,458
Michigan,2018,2,458
Michigan,2018,3,458
Michigan,2018,4,458
Michigan,2018,5,458
Michigan,2018,6,458
Michigan,2018,7,458
Michigan,2018,8,458
Michigan,2018,9,458
Michigan,2018,10,458
Michigan,2018,11,458
Michigan,2018,12,458
Florida,2018,1,2917
Florida,2018,2,2917
Florida,2018,3,2917
Florida,2018,4,2917
Florida,2018,5,2917
Florida,2018,6,2917
Florida,2018,7,2917
Florida,2018,8,2917
Florida,2018,9,2917
Florida,2018,10,2917
Florida,2018,11,2917
Florida,2018,12,2917
Pennsylvania,2018,1,2083
Pennsylvania,2018,2,2083
Pennsylvania,2018,3,2083
Pennsylvania,2018,4,2083
Pennsylvania,2018,5,2083
Pennsylvania,2018,6,2083
Pennsylvania,2018,7,2083
Pennsylvania,2018,8,2083
Pennsylvania,2018,9,2083
Pennsylvania,2018,10,2083
Pennsylvania,2018,11,2083
Pennsylvania,2018,12,2083
Texas,2018,1,2917
Texas,2018,2,2917
Texas,2018,3,2917
Texas,2018,4,2917
Texas,2018,5,2917
Texas,2018,6,2917
Texas,2018,7,2917
Texas,2018,8,2917
Texas,2018,9,2917
Texas,2018,10,2917
Texas,2018,11,2917
Texas,2018,12,2917
Washington,2018,1,2083
Washington,2018,2,2083
Washington,2018,3,2083
Washington,2018,4,2083
Washington,2018,5,2083
Washington,2018,6,2083
Washington,2018,7,2083
Washington,2018,8,2083
Washington,2018,9,2083
Washington,2018,10,2083
Washington,2018,11,2083
Washington,2018,12,2083
New York,2018,1,5417
New York,2018,2,5417
New York,2018,3,5417
New York,2018,4,5417
New York,2018,5,5417
New York,2018,6,5417
New York,2018,7,5417
New York,2018,8,5417
New York,2018,9,5417
New York,2018,10,5417
New York,2018,11,5417
New York,2018,12,5417
California,2018,1,7917
California,2018,2,7917
California,2018,3,7917
California,2018,4,7917
California,2018,5,7917
California,2018,6,7917
California,2018,7,7917
California,2018,8,7917
California,2018,9,7917
California,2018,10,7917
California,2018,11,7917
California,2018,12,7917
Utah,2018,1,250
Utah,2018,2,250
Utah,2018,3,250
Utah,2018,4,250
Utah,2018,5,250
Utah,2018,6,250
Utah,2018,7,250
Utah,2018,8,250
Utah,2018,9,250
Utah,2018,10,250
Utah,2018,11,250
Utah,2018,12,250
Oregon,2018,1,250
Oregon,2018,2,250
Oregon,2018,3,250
Oregon,2018,4,250
Oregon,2018,5,250
Oregon,2018,6,250
Oregon,2018,7,250
Oregon,2018,8,250
Oregon,2018,9,250
Oregon,2018,10,250
Oregon,2018,11,250
Oregon,2018,12,250
Rhode Island,2018,1,250
Rhode Island,2018,2,250
Rhode Island,2018,3,250
Rhode Island,2018,4,250
Rhode Island,2018,5,250
Rhode Island,2018,6,250
Rhode Island,2018,7,250
Rhode Island,2018,8,250
Rhode Island,2018,9,250
Rhode Island,2018,10,250
Rhode Island,2018,11,250
Rhode Island,2018,12,250
Wisconsin,2018,1,250
Wisconsin,2018,2,250
Wisconsin,2018,3,250
Wisconsin,2018,4,250
Wisconsin,2018,5,250
Wisconsin,2018,6,250
Wisconsin,2018,7,250
Wisconsin,2018,8,250
Wisconsin,2018,9,250
Wisconsin,2018,10,250
Wisconsin,2018,11,250
Wisconsin,2018,12,250
New Jersey,2018,1,250
New Jersey,2018,2,250
New Jersey,2018,3,250
New Jersey,2018,4,250
New Jersey,2018,5,250
New Jersey,2018,6,250
New Jersey,2018,7,250
New Jersey,2018,8,250
New Jersey,2018,9,250
New Jersey,2018,10,250
New Jersey,2018,11,250
New Jersey,2018,12,250
Delaware,2018,1,250
Delaware,2018,2,250
Delaware,2018,3,250
Delaware,2018,4,250
Delaware,2018,5,250
Delaware,2018,6,250
Delaware,2018,7,250
Delaware,2018,8,250
Delaware,2018,9,250
Delaware,2018,10,250
Delaware,2018,11,250
Delaware,2018,12,250
Tennessee,2018,1,250
Tennessee,2018,2,250
Tennessee,2018,3,250
Tennessee,2018,4,250
Tennessee,2018,5,250
Tennessee,2018,6,250
Tennessee,2018,7,250
Tennessee,2018,8,250
Tennessee,2018,9,250
Tennessee,2018,10,250
Tennessee,2018,11,250
Tennessee,2018,12,250
Georgia,2018,1,250
Georgia,2018,2,250
Georgia,2018,3,250
Georgia,2018,4,250
Georgia,2018,5,250
Georgia,2018,6,250
Georgia,2018,7,250
Georgia,2018,8,250
Georgia,2018,9,250
Georgia,2018,10,250
Georgia,2018,11,250
Georgia,2018,12,250
